precinct,superprecinct
0,269
1,269
2,193
3,55
4,55
5,55
6,229
7,161
8,275
9,107
10,180
11,161
12,262
13,106
14,180
15,161
16,275
17,106
18,159
19,215
20,276
21,159
22,269
23,127
24,106
25,93
26,193
27,180
28,215
29,193
30,55
31,93
32,269
33,269
34,94
35,11
36,269
37,208
38,145
39,215
40,208
41,161
42,161
43,161
44,161
45,93
46,11
47,55
48,55
49,193
50,55
51,71
52,46
53,269
54,193
55,55
56,11
57,269
58,159
59,275
60,18
61,180
62,276
63,275
64,161
65,161
66,245
67,298
68,167
69,106
70,145
71,229
72,193
73,269
74,193
75,93
76,269
77,193
78,161
79,161
80,275
81,275
82,276
83,55
84,60
85,95
86,193
87,145
88,11
89,46
90,11
91,55
92,269
93,193
94,93
95,269
96,193
97,55
98,55
99,193
100,193
101,11
102,269
103,93
104,193
105,269
106,145
107,193
108,11
109,215
110,229
111,46
112,11
113,11
114,193
115,193
116,107
117,193
118,93
119,18
120,93
121,93
122,193
123,269
124,275
125,151
126,128
127,127
128,215
129,159
130,41
131,148
132,220
133,23
134,166
135,106
136,79
137,254
138,159
139,166
140,148
141,148
142,275
143,95
144,66
145,139
146,218
147,273
148,220
149,166
150,60
151,119
152,159
153,18
154,275
155,275
156,52
157,276
158,276
159,126
160,42
161,126
162,159
163,66
164,95
165,107
166,275
167,106
168,291
169,99
170,18
171,223
172,66
173,229
174,99
175,245
176,142
177,276
178,276
179,276
180,159
181,39
182,145
183,299
184,60
185,290
186,107
187,99
188,159
189,71
190,229
191,229
192,52
193,71
194,275
195,215
196,287
197,79
198,42
199,273
200,42
201,159
202,41
203,276
204,106
205,146
206,23
207,41
208,148
209,159
210,215
211,291
212,176
213,229
214,275
215,273
216,139
217,174
218,17
219,174
220,118
221,174
222,273
223,245
224,142
225,287
226,262
227,208
228,106
229,220
230,291
231,129
232,66
233,247
234,71
235,139
236,119
237,127
238,262
239,5
240,82
241,5
242,223
243,5
244,220
245,72
246,67
247,259
248,118
249,94
250,42
251,17
252,287
253,99
254,23
255,51
256,136
257,64
258,224
259,89
260,89
261,294
262,42
263,294
264,202
265,33
266,33
267,151
268,81
269,95
270,266
271,166
272,86
273,276
274,290
275,205
276,30
277,95
278,118
279,86
280,210
281,223
282,210
283,9
284,291
285,145
286,106
287,51
288,23
289,266
290,270
291,64
292,64
293,148
294,224
295,254
296,254
297,99
298,64
299,155
300,256
301,294
302,137
303,41
304,259
305,270
306,64
307,33
308,259
309,166
310,286
311,143
312,291
313,79
314,166
315,42
316,223
317,78
318,207
319,99
320,86
321,95
322,148
323,291
324,95
325,106
326,107
327,106
328,127
329,262
330,275
331,144
332,71
333,18
334,127
335,82
336,118
337,298
338,106
339,18
340,205
341,52
342,148
343,176
344,128
345,275
346,166
347,176
348,183
349,2
350,71
351,245
352,127
353,18
354,107
355,148
356,66
357,229
358,106
359,273
360,107
361,262
362,291
363,222
364,71
365,71
366,208
367,223
368,159
369,127
370,208
371,276
372,71
373,262
374,82
375,71
376,107
377,107
378,41
379,159
380,71
381,118
382,106
383,95
384,107
385,142
386,215
387,41
388,220
389,139
390,273
391,205
392,149
393,3
394,174
395,205
396,245
397,148
398,142
399,174
400,65
401,287
402,94
403,99
404,78
405,245
406,42
407,118
408,223
409,273
410,166
411,223
412,262
413,266
414,106
415,126
416,247
417,224
418,148
419,151
420,23
421,148
422,145
423,66
424,291
425,291
426,291
427,17
428,72
429,165
430,106
431,128
432,127
433,119
434,178
435,129
436,126
437,208
438,159
439,215
440,215
441,107
442,41
443,181
444,72
445,178
446,127
447,178
448,276
449,106
450,276
451,220
452,107
453,208
454,262
455,215
456,215
457,208
458,71
459,276
460,166
461,99
462,299
463,178
464,99
465,259
466,224
467,299
468,245
469,41
470,70
471,54
472,99
473,151
474,88
475,69
476,142
477,42
478,128
479,178
480,174
481,247
482,176
483,176
484,183
485,183
486,183
487,149
488,23
489,99
490,273
491,129
492,148
493,224
494,19
495,72
496,133
497,299
498,66
499,148
500,166
501,273
502,142
503,291
504,181
505,148
506,92
507,41
508,52
509,291
510,224
511,142
512,166
513,99
514,41
515,220
516,39
517,287
518,126
519,224
520,218
521,299
522,41
523,148
524,178
525,234
526,174
527,159
528,275
529,159
530,106
531,66
532,266
533,127
534,82
535,291
536,208
537,129
538,229
539,159
540,208
541,71
542,127
543,107
544,208
545,133
546,128
547,107
548,229
549,276
550,176
551,276
552,215
553,218
554,273
555,273
556,41
557,287
558,106
559,118
560,178
561,259
562,139
563,90
564,159
565,159
566,142
567,151
568,245
569,174
570,245
571,148
572,276
573,208
574,215
575,176
576,220
577,262
578,106
579,208
580,71
581,106
582,133
583,127
584,39
585,291
586,127
587,95
588,275
589,262
590,215
591,220
592,106
593,181
594,148
595,151
596,118
597,92
598,99
599,99
600,159
601,42
602,159
603,118
604,71
605,215
606,159
607,273
608,266
609,290
610,149
611,215
612,107
613,119
614,18
615,41
616,176
617,276
618,276
619,39
620,275
621,142
622,66
623,257
624,18
625,234
626,275
627,275
628,99
629,151
630,151
631,106
632,291
633,220
634,181
635,275
636,52
637,106
638,52
639,148
640,99
641,234
642,142
643,234
644,29
645,276
646,42
647,234
648,208
649,234
650,99
651,71
652,229
653,215
654,262
655,107
656,142
657,133
658,290
659,183
660,127
661,71
662,215
663,215
664,106
665,18
666,106
667,71
668,151
669,230
670,208
671,54
672,107
673,145
674,18
675,287
676,277
677,287
678,109
679,291
680,109
681,42
682,42
683,142
684,109
685,39
686,109
687,54
688,118
689,72
690,220
691,90
692,293
693,293
694,54
695,142
696,181
697,181
698,39
699,52
700,129
701,181
702,82
703,142
704,42
705,293
706,291
707,66
708,66
709,66
710,221
711,66
712,293
713,78
714,109
715,291
716,109
717,126
718,176
719,42
720,287
721,82
722,39
723,39
724,39
725,148
726,287
727,72
728,291
729,148
730,220
731,78
732,293
733,109
734,176
735,293
736,109
737,291
738,259
739,126
740,277
741,293
742,39
743,129
744,42
745,42
746,176
747,118
748,66
749,223
750,183
751,174
752,245
753,245
754,29
755,234
756,174
757,151
758,245
759,283
760,260
761,123
762,283
763,283
764,29
765,183
766,283
767,245
768,174
769,99
770,99
771,260
772,151
773,245
774,174
775,245
776,283
777,123
778,123
779,234
780,123
781,29
782,149
783,283
784,283
785,29
786,29
787,245
788,260
789,31
790,245
791,260
792,123
793,99
794,123
795,234
796,123
797,245
798,151
799,194
800,283
801,260
802,245
803,31
804,151
805,31
806,29
807,245
808,99
809,234
810,99
811,283
812,123
813,260
814,225
815,99
816,283
817,123
818,123
819,245
820,260
821,123
822,123
823,283
824,283
825,123
826,283
827,174
828,283
829,123
830,123
831,245
832,29
833,260
834,245
835,76
836,76
837,123
838,123
839,283
840,283
841,10
842,6
843,167
844,14
845,258
846,186
847,167
848,298
849,10
850,298
851,10
852,6
853,50
854,288
855,6
856,171
857,186
858,167
859,198
860,171
861,59
862,76
863,140
864,73
865,59
866,59
867,140
868,150
869,76
870,11
871,140
872,59
873,73
874,244
875,225
876,225
877,59
878,244
879,50
880,225
881,131
882,260
883,73
884,11
885,73
886,150
887,131
888,11
889,73
890,260
891,73
892,225
893,244
894,73
895,73
896,59
897,244
898,11
899,11
900,76
901,131
902,131
903,244
904,150
905,59
906,260
907,131
908,131
909,193
910,59
911,150
912,11
913,140
914,225
915,131
916,244
917,73
918,59
919,76
920,244
921,76
922,76
923,76
924,76
925,59
926,85
927,244
928,260
929,225
930,150
931,73
932,76
933,73
934,131
935,244
936,76
937,225
938,76
939,59
940,260
941,76
942,73
943,244
944,131
945,244
946,225
947,76
948,225
949,131
950,59
951,225
952,131
953,59
954,260
955,244
956,244
957,225
958,73
959,59
960,140
961,76
962,73
963,191
964,191
965,282
966,173
967,173
968,152
969,232
970,152
971,203
972,293
973,203
974,282
975,113
976,180
977,203
978,203
979,232
980,232
981,232
982,232
983,152
984,152
985,4
986,232
987,180
988,232
989,180
990,282
991,282
992,282
993,232
994,191
995,282
996,203
997,97
998,113
999,191
1000,97
1001,97
1002,173
1003,97
1004,203
1005,97
1006,293
1007,173
1008,152
1009,282
1010,203
1011,97
1012,97
1013,203
1014,282
1015,282
1016,184
1017,173
1018,173
1019,97
1020,203
1021,232
1022,97
1023,152
1024,203
1025,191
1026,113
1027,152
1028,232
1029,232
1030,113
1031,232
1032,293
1033,232
1034,180
1035,173
1036,282
1037,4
1038,173
1039,4
1040,173
1041,232
1042,282
1043,191
1044,203
1045,232
1046,4
1047,97
1048,180
1049,282
1050,191
1051,282
1052,152
1053,97
1054,113
1055,293
1056,152
1057,232
1058,293
1059,203
1060,191
1061,113
1062,232
1063,232
1064,4
1065,173
1066,180
1067,191
1068,152
1069,180
1070,4
1071,180
1072,203
1073,113
1074,232
1075,152
1076,152
1077,282
1078,203
1079,232
1080,113
1081,180
1082,173
1083,282
1084,113
1085,173
1086,191
1087,232
1088,191
1089,293
1090,203
1091,173
1092,173
1093,152
1094,4
1095,282
1096,173
1097,203
1098,282
1099,203
1100,203
1101,203
1102,4
1103,293
1104,97
1105,232
1106,152
1107,203
1108,4
1109,232
1110,293
1111,203
1112,232
1113,232
1114,191
1115,232
1116,4
1117,173
1118,113
1119,232
1120,180
1121,293
1122,79
1123,184
1124,293
1125,10
1126,293
1127,78
1128,60
1129,178
1130,82
1131,125
1132,125
1133,128
1134,266
1135,121
1136,287
1137,41
1138,5
1139,82
1140,299
1141,148
1142,148
1143,178
1144,191
1145,79
1146,82
1147,142
1148,266
1149,181
1150,152
1151,173
1152,121
1153,48
1154,48
1155,42
1156,42
1157,41
1158,218
1159,41
1160,224
1161,287
1162,42
1163,41
1164,152
1165,121
1166,148
1167,166
1168,223
1169,121
1170,72
1171,180
1172,148
1173,287
1174,66
1175,220
1176,113
1177,48
1178,82
1179,125
1180,48
1181,121
1182,142
1183,142
1184,152
1185,97
1186,121
1187,299
1188,133
1189,254
1190,121
1191,142
1192,39
1193,129
1194,121
1195,42
1196,121
1197,181
1198,41
1199,121
1200,48
1201,125
1202,176
1203,121
1204,291
1205,78
1206,295
1207,120
1208,299
1209,176
1210,287
1211,68
1212,120
1213,166
1214,176
1215,52
1216,42
1217,52
1218,281
1219,295
1220,223
1221,118
1222,281
1223,66
1224,281
1225,78
1226,42
1227,181
1228,126
1229,42
1230,60
1231,17
1232,176
1233,178
1234,66
1235,281
1236,181
1237,118
1238,66
1239,69
1240,120
1241,118
1242,91
1243,296
1244,91
1245,90
1246,91
1247,91
1248,142
1249,144
1250,220
1251,91
1252,287
1253,90
1254,54
1255,218
1256,179
1257,78
1258,299
1259,287
1260,248
1261,90
1262,133
1263,296
1264,128
1265,72
1266,223
1267,92
1268,142
1269,17
1270,273
1271,291
1272,220
1273,39
1274,99
1275,118
1276,126
1277,126
1278,139
1279,54
1280,148
1281,39
1282,289
1283,283
1284,49
1285,296
1286,194
1287,60
1288,194
1289,150
1290,120
1291,295
1292,91
1293,49
1294,283
1295,194
1296,194
1297,31
1298,60
1299,194
1300,194
1301,194
1302,194
1303,194
1304,91
1305,283
1306,283
1307,283
1308,283
1309,283
1310,283
1311,283
1312,194
1313,194
1314,194
1315,49
1316,283
1317,49
1318,60
1319,68
1320,91
1321,230
1322,283
1323,49
1324,49
1325,49
1326,60
1327,194
1328,49
1329,194
1330,281
1331,194
1332,292
1333,91
1334,283
1335,49
1336,49
1337,194
1338,162
1339,90
1340,281
1341,194
1342,31
1343,31
1344,194
1345,283
1346,31
1347,283
1348,283
1349,283
1350,46
1351,296
1352,188
1353,188
1354,289
1355,293
1356,161
1357,68
1358,120
1359,295
1360,188
1361,188
1362,161
1363,91
1364,188
1365,161
1366,289
1367,85
1368,162
1369,162
1370,90
1371,120
1372,188
1373,219
1374,296
1375,296
1376,277
1377,188
1378,296
1379,188
1380,161
1381,120
1382,161
1383,188
1384,161
1385,188
1386,277
1387,272
1388,188
1389,281
1390,296
1391,295
1392,296
1393,188
1394,188
1395,296
1396,296
1397,296
1398,188
1399,120
1400,188
1401,188
1402,188
1403,188
1404,293
1405,188
1406,188
1407,190
1408,120
1409,161
1410,272
1411,277
1412,212
1413,296
1414,272
1415,296
1416,296
1417,212
1418,120
1419,120
1420,277
1421,277
1422,272
1423,212
1424,272
1425,272
1426,212
1427,277
1428,277
1429,277
1430,272
1431,277
1432,272
1433,212
1434,289
1435,296
1436,272
1437,212
1438,272
1439,295
1440,120
1441,277
1442,272
1443,232
1444,281
1445,295
1446,277
1447,283
1448,282
1449,191
1450,281
1451,123
1452,83
1453,281
1454,123
1455,283
1456,123
1457,83
1458,281
1459,76
1460,296
1461,174
1462,295
1463,296
1464,152
1465,91
1466,123
1467,232
1468,113
1469,91
1470,204
1471,172
1472,123
1473,123
1474,149
1475,260
1476,260
1477,44
1478,174
1479,110
1480,147
1481,44
1482,26
1483,149
1484,122
1485,227
1486,203
1487,282
1488,227
1489,204
1490,257
1491,134
1492,123
1493,94
1494,245
1495,123
1496,260
1497,115
1498,25
1499,265
1500,260
1501,123
1502,271
1503,245
1504,245
1505,283
1506,283
1507,123
1508,123
1509,149
1510,245
1511,123
1512,123
1513,44
1514,283
1515,147
1516,216
1517,122
1518,147
1519,172
1520,204
1521,122
1522,110
1523,271
1524,147
1525,245
1526,245
1527,260
1528,216
1529,158
1530,134
1531,172
1532,260
1533,163
1534,44
1535,245
1536,123
1537,245
1538,260
1539,260
1540,260
1541,283
1542,245
1543,271
1544,168
1545,245
1546,31
1547,44
1548,123
1549,172
1550,260
1551,283
1552,147
1553,204
1554,115
1555,147
1556,174
1557,172
1558,227
1559,271
1560,149
1561,257
1562,260
1563,283
1564,123
1565,163
1566,194
1567,123
1568,119
1569,283
1570,245
1571,163
1572,44
1573,31
1574,44
1575,265
1576,260
1577,265
1578,260
1579,110
1580,283
1581,245
1582,260
1583,283
1584,115
1585,271
1586,76
1587,123
1588,149
1589,245
1590,172
1591,245
1592,245
1593,245
1594,44
1595,260
1596,245
1597,123
1598,26
1599,245
1600,119
1601,271
1602,245
1603,245
1604,245
1605,260
1606,260
1607,226
1608,119
1609,158
1610,115
1611,227
1612,227
1613,271
1614,257
1615,174
1616,260
1617,227
1618,260
1619,25
1620,10
1621,186
1622,167
1623,186
1624,14
1625,6
1626,163
1627,167
1628,186
1629,163
1630,171
1631,186
1632,227
1633,257
1634,6
1635,6
1636,6
1637,6
1638,14
1639,186
1640,115
1641,44
1642,171
1643,298
1644,6
1645,14
1646,6
1647,119
1648,298
1649,6
1650,26
1651,186
1652,6
1653,186
1654,10
1655,225
1656,225
1657,225
1658,225
1659,225
1660,225
1661,225
1662,225
1663,150
1664,150
1665,150
1666,150
1667,150
1668,150
1669,150
1670,150
1671,150
1672,225
1673,225
1674,225
1675,225
1676,225
1677,225
1678,225
1679,225
1680,225
1681,225
1682,225
1683,225
1684,73
1685,73
1686,59
1687,76
1688,225
1689,225
1690,225
1691,140
1692,150
1693,83
1694,59
1695,73
1696,225
1697,11
1698,131
1699,76
1700,244
1701,76
1702,260
1703,225
1704,59
1705,131
1706,14
1707,298
1708,131
1709,59
1710,59
1711,244
1712,73
1713,244
1714,244
1715,244
1716,225
1717,150
1718,11
1719,11
1720,11
1721,11
1722,11
1723,11
1724,184
1725,160
1726,297
1727,257
1728,131
1729,59
1730,131
1731,244
1732,244
1733,131
1734,59
1735,150
1736,59
1737,11
1738,119
1739,216
1740,59
1741,59
1742,11
1743,11
1744,152
1745,227
1746,76
1747,172
1748,73
1749,244
1750,73
1751,163
1752,244
1753,73
1754,163
1755,140
1756,225
1757,244
1758,122
1759,76
1760,260
1761,180
1762,147
1763,150
1764,204
1765,110
1766,257
1767,131
1768,244
1769,244
1770,59
1771,160
1772,168
1773,227
1774,204
1775,216
1776,73
1777,225
1778,225
1779,131
1780,11
1781,217
1782,168
1783,131
1784,131
1785,11
1786,158
1787,59
1788,131
1789,140
1790,11
1791,63
1792,73
1793,244
1794,11
1795,119
1796,140
1797,150
1798,59
1799,265
1800,257
1801,244
1802,244
1803,59
1804,119
1805,76
1806,134
1807,76
1808,76
1809,76
1810,76
1811,76
1812,44
1813,76
1814,76
1815,76
1816,163
1817,147
1818,26
1819,76
1820,131
1821,140
1822,59
1823,289
1824,134
1825,131
1826,131
1827,131
1828,244
1829,76
1830,76
1831,76
1832,149
1833,244
1834,150
1835,122
1836,63
1837,227
1838,172
1839,150
1840,44
1841,73
1842,244
1843,225
1844,131
1845,225
1846,173
1847,94
1848,94
1849,30
1850,47
1851,149
1852,265
1853,174
1854,76
1855,9
1856,131
1857,76
1858,189
1859,131
1860,76
1861,191
1862,174
1863,131
1864,67
1865,59
1866,174
1867,244
1868,76
1869,248
1870,174
1871,131
1872,174
1873,131
1874,11
1875,51
1876,103
1877,64
1878,64
1879,116
1880,155
1881,256
1882,76
1883,140
1884,244
1885,244
1886,244
1887,131
1888,89
1889,244
1890,140
1891,89
1892,211
1893,4
1894,97
1895,252
1896,207
1897,101
1898,101
1899,95
1900,97
1901,19
1902,205
1903,173
1904,205
1905,205
1906,88
1907,73
1908,131
1909,88
1910,94
1911,19
1912,5
1913,5
1914,244
1915,131
1916,73
1917,189
1918,225
1919,73
1920,59
1921,189
1922,140
1923,59
1924,131
1925,5
1926,180
1927,5
1928,274
1929,282
1930,274
1931,113
1932,173
1933,116
1934,278
1935,173
1936,232
1937,8
1938,137
1939,294
1940,4
1941,256
1942,207
1943,207
1944,23
1945,97
1946,95
1947,19
1948,18
1949,19
1950,19
1951,88
1952,232
1953,152
1954,19
1955,5
1956,189
1957,5
1958,5
1959,67
1960,67
1961,276
1962,223
1963,223
1964,221
1965,97
1966,146
1967,102
1968,102
1969,240
1970,20
1971,249
1972,280
1973,203
1974,34
1975,20
1976,57
1977,213
1978,34
1979,97
1980,170
1981,65
1982,164
1983,8
1984,128
1985,221
1986,69
1987,146
1988,100
1989,22
1990,108
1991,280
1992,34
1993,20
1994,20
1995,240
1996,240
1997,57
1998,209
1999,206
2000,206
2001,210
2002,221
2003,221
2004,39
2005,101
2006,261
2007,9
2008,249
2009,203
2010,282
2011,57
2012,203
2013,280
2014,240
2015,197
2016,197
2017,8
2018,197
2019,207
2020,197
2021,221
2022,152
2023,282
2024,221
2025,221
2026,92
2027,100
2028,100
2029,22
2030,280
2031,213
2032,270
2033,270
2034,56
2035,236
2036,221
2037,128
2038,180
2039,92
2040,28
2041,100
2042,264
2043,213
2044,213
2045,157
2046,282
2047,157
2048,157
2049,157
2050,157
2051,35
2052,35
2053,157
2054,191
2055,92
2056,191
2057,289
2058,68
2059,162
2060,92
2061,92
2062,101
2063,241
2064,112
2065,112
2066,154
2067,154
2068,154
2069,170
2070,33
2071,170
2072,92
2073,101
2074,101
2075,282
2076,152
2077,102
2078,75
2079,241
2080,170
2081,170
2082,28
2083,239
2084,293
2085,28
2086,206
2087,92
2088,62
2089,22
2090,282
2091,241
2092,241
2093,84
2094,28
2095,28
2096,28
2097,239
2098,65
2099,65
2100,23
2101,23
2102,261
2103,4
2104,127
2105,146
2106,84
2107,206
2108,202
2109,202
2110,202
2111,206
2112,202
2113,206
2114,30
2115,67
2116,94
2117,28
2118,146
2119,146
2120,152
2121,127
2122,261
2123,146
2124,108
2125,102
2126,84
2127,191
2128,215
2129,108
2130,213
2131,249
2132,173
2133,152
2134,289
2135,249
2136,249
2137,213
2138,293
2139,127
2140,185
2141,19
2142,249
2143,128
2144,146
2145,23
2146,146
2147,62
2148,75
2149,108
2150,293
2151,173
2152,108
2153,185
2154,256
2155,185
2156,20
2157,34
2158,282
2159,34
2160,34
2161,164
2162,240
2163,221
2164,23
2165,261
2166,75
2167,152
2168,203
2169,203
2170,282
2171,203
2172,191
2173,152
2174,173
2175,232
2176,173
2177,203
2178,113
2179,108
2180,108
2181,164
2182,213
2183,34
2184,34
2185,164
2186,146
2187,69
2188,146
2189,146
2190,282
2191,75
2192,75
2193,108
2194,164
2195,164
2196,206
2197,203
2198,206
2199,206
2200,261
2201,203
2202,113
2203,46
2204,102
2205,9
2206,240
2207,206
2208,173
2209,209
2210,209
2211,206
2212,112
2213,112
2214,112
2215,112
2216,152
2217,210
2218,240
2219,57
2220,57
2221,33
2222,33
2223,154
2224,170
2225,28
2226,180
2227,164
2228,57
2229,209
2230,202
2231,202
2232,35
2233,35
2234,202
2235,202
2236,203
2237,197
2238,197
2239,282
2240,33
2241,100
2242,210
2243,206
2244,191
2245,210
2246,180
2247,202
2248,137
2249,211
2250,205
2251,65
2252,40
2253,211
2254,87
2255,87
2256,211
2257,40
2258,87
2259,282
2260,233
2261,232
2262,233
2263,233
2264,233
2265,113
2266,211
2267,40
2268,233
2269,105
2270,105
2271,32
2272,233
2273,105
2274,32
2275,211
2276,211
2277,97
2278,32
2279,211
2280,233
2281,233
2282,233
2283,173
2284,32
2285,87
2286,232
2287,233
2288,32
2289,233
2290,173
2291,32
2292,32
2293,87
2294,90
2295,32
2296,32
2297,87
2298,229
2299,71
2300,105
2301,40
2302,87
2303,40
2304,282
2305,40
2306,40
2307,180
2308,180
2309,4
2310,46
2311,32
2312,90
2313,293
2314,105
2315,87
2316,211
2317,105
2318,233
2319,87
2320,87
2321,87
2322,180
2323,87
2324,87
2325,40
2326,211
2327,68
2328,106
2329,233
2330,87
2331,87
2332,97
2333,106
2334,275
2335,191
2336,4
2337,117
2338,191
2339,117
2340,117
2341,144
2342,282
2343,117
2344,117
2345,13
2346,285
2347,191
2348,285
2349,191
2350,144
2351,13
2352,144
2353,258
2354,285
2355,29
2356,29
2357,288
2358,132
2359,263
2360,45
2361,144
2362,285
2363,285
2364,275
2365,144
2366,262
2367,262
2368,288
2369,263
2370,104
2371,132
2372,243
2373,288
2374,80
2375,258
2376,263
2377,263
2378,263
2379,132
2380,7
2381,238
2382,144
2383,80
2384,135
2385,276
2386,144
2387,285
2388,124
2389,124
2390,243
2391,263
2392,80
2393,152
2394,285
2395,191
2396,7
2397,135
2398,277
2399,124
2400,144
2401,288
2402,124
2403,144
2404,285
2405,135
2406,285
2407,263
2408,132
2409,288
2410,212
2411,243
2412,132
2413,14
2414,243
2415,117
2416,238
2417,288
2418,61
2419,288
2420,45
2421,285
2422,135
2423,104
2424,132
2425,212
2426,246
2427,238
2428,246
2429,104
2430,104
2431,144
2432,285
2433,246
2434,212
2435,7
2436,124
2437,258
2438,263
2439,263
2440,195
2441,243
2442,285
2443,246
2444,14
2445,135
2446,14
2447,104
2448,80
2449,14
2450,144
2451,288
2452,243
2453,285
2454,124
2455,135
2456,263
2457,288
2458,132
2459,238
2460,135
2461,195
2462,124
2463,135
2464,124
2465,277
2466,243
2467,117
2468,277
2469,80
2470,259
2471,80
2472,117
2473,117
2474,60
2475,124
2476,7
2477,60
2478,45
2479,45
2480,117
2481,117
2482,117
2483,263
2484,80
2485,258
2486,117
2487,243
2488,104
2489,45
2490,212
2491,45
2492,117
2493,144
2494,144
2495,144
2496,144
2497,246
2498,288
2499,60
2500,60
2501,194
2502,144
2503,135
2504,144
2505,45
2506,246
2507,258
2508,288
2509,135
2510,45
2511,132
2512,104
2513,104
2514,104
2515,246
2516,243
2517,135
2518,246
2519,124
2520,288
2521,132
2522,104
2523,80
2524,45
2525,288
2526,132
2527,288
2528,246
2529,45
2530,258
2531,258
2532,135
2533,246
2534,45
2535,263
2536,132
2537,263
2538,243
2539,104
2540,104
2541,246
2542,238
2543,14
2544,263
2545,212
2546,132
2547,80
2548,196
2549,38
2550,153
2551,153
2552,242
2553,219
2554,214
2555,190
2556,214
2557,242
2558,196
2559,38
2560,196
2561,174
2562,242
2563,219
2564,228
2565,196
2566,196
2567,228
2568,153
2569,153
2570,153
2571,196
2572,153
2573,68
2574,228
2575,281
2576,281
2577,190
2578,190
2579,281
2580,281
2581,190
2582,219
2583,228
2584,228
2585,228
2586,190
2587,214
2588,228
2589,153
2590,214
2591,289
2592,242
2593,214
2594,219
2595,68
2596,242
2597,190
2598,196
2599,214
2600,153
2601,196
2602,190
2603,190
2604,190
2605,190
2606,214
2607,196
2608,162
2609,214
2610,228
2611,219
2612,242
2613,153
2614,38
2615,38
2616,228
2617,190
2618,214
2619,242
2620,228
2621,242
2622,219
2623,46
2624,219
2625,153
2626,153
2627,219
2628,228
2629,196
2630,228
2631,38
2632,190
2633,196
2634,242
2635,153
2636,190
2637,38
2638,190
2639,219
2640,228
2641,219
2642,281
2643,228
2644,196
2645,171
2646,228
2647,174
2648,219
2649,190
2650,190
2651,38
2652,214
2653,153
2654,242
2655,74
2656,242
2657,219
2658,242
2659,242
2660,214
2661,219
2662,214
2663,190
2664,153
2665,219
2666,38
2667,228
2668,196
2669,242
2670,38
2671,196
2672,174
2673,228
2674,242
2675,217
2676,253
2677,217
2678,217
2679,217
2680,253
2681,253
2682,217
2683,217
2684,217
2685,217
2686,253
2687,253
2688,217
2689,217
2690,217
2691,217
2692,217
2693,217
2694,217
2695,217
2696,217
2697,253
2698,253
2699,253
2700,253
2701,201
2702,201
2703,292
2704,292
2705,292
2706,292
2707,201
2708,201
2709,201
2710,201
2711,201
2712,292
2713,292
2714,201
2715,201
2716,292
2717,201
2718,201
2719,292
2720,201
2721,292
2722,201
2723,231
2724,292
2725,201
2726,231
2727,201
2728,201
2729,174
2730,174
2731,201
2732,231
2733,201
2734,174
2735,292
2736,292
2737,201
2738,201
2739,162
2740,174
2741,91
2742,201
2743,231
2744,201
2745,201
2746,174
2747,160
2748,298
2749,174
2750,174
2751,174
2752,292
2753,85
2754,174
2755,174
2756,292
2757,292
2758,292
2759,292
2760,231
2761,174
2762,179
2763,292
2764,179
2765,121
2766,179
2767,292
2768,179
2769,74
2770,60
2771,121
2772,27
2773,177
2774,177
2775,177
2776,187
2777,138
2778,138
2779,179
2780,156
2781,177
2782,156
2783,27
2784,27
2785,230
2786,177
2787,177
2788,156
2789,156
2790,48
2791,48
2792,177
2793,187
2794,187
2795,230
2796,156
2797,187
2798,187
2799,187
2800,230
2801,177
2802,27
2803,27
2804,27
2805,27
2806,46
2807,156
2808,48
2809,48
2810,48
2811,177
2812,230
2813,27
2814,48
2815,177
2816,177
2817,292
2818,156
2819,230
2820,230
2821,187
2822,187
2823,187
2824,27
2825,27
2826,27
2827,177
2828,27
2829,230
2830,292
2831,230
2832,230
2833,177
2834,186
2835,255
2836,152
2837,27
2838,187
2839,187
2840,187
2841,187
2842,187
2843,187
2844,27
2845,48
2846,152
2847,27
2848,177
2849,177
2850,27
2851,186
2852,171
2853,255
2854,167
2855,171
2856,171
2857,60
2858,60
2859,74
2860,60
2861,298
2862,201
2863,180
2864,173
2865,97
2866,203
2867,152
2868,46
2869,191
2870,298
2871,203
2872,231
2873,232
2874,156
2875,253
2876,253
2877,60
2878,152
2879,203
2880,167
2881,173
2882,298
2883,253
2884,180
2885,180
2886,156
2887,156
2888,60
2889,253
2890,255
2891,255
2892,253
2893,171
2894,255
2895,255
2896,60
2897,298
2898,253
2899,60
2900,298
2901,60
2902,60
2903,156
2904,156
2905,156
2906,74
2907,13
2908,13
2909,13
2910,167
2911,13
2912,13
2913,74
2914,298
2915,13
2916,7
2917,74
2918,201
2919,13
2920,60
2921,13
2922,13
2923,13
2924,175
2925,116
2926,114
2927,116
2928,116
2929,278
2930,278
2931,278
2932,137
2933,137
2934,74
2935,15
2936,255
2937,171
2938,60
2939,167
2940,286
2941,74
2942,60
2943,286
2944,143
2945,23
2946,23
2947,98
2948,86
2949,180
2950,19
2951,170
2952,205
2953,19
2954,167
2955,88
2956,19
2957,47
2958,74
2959,9
2960,94
2961,94
2962,298
2963,94
2964,114
2965,251
2966,251
2967,284
2968,137
2969,15
2970,33
2971,143
2972,109
2973,109
2974,109
2975,33
2976,194
2977,98
2978,98
2979,109
2980,86
2981,86
2982,19
2983,205
2984,109
2985,93
2986,206
2987,60
2988,88
2989,88
2990,19
2991,194
2992,60
2993,51
2994,109
2995,171
2996,60
2997,189
2998,189
2999,109
3000,109
3001,94
3002,251
3003,93
3004,200
3005,116
3006,199
3007,33
3008,33
3009,93
3010,109
3011,33
3012,33
3013,33
3014,109
3015,93
3016,93
3017,93
3018,109
3019,137
3020,137
3021,75
3022,109
3023,86
3024,109
3025,46
3026,248
3027,18
3028,207
3029,46
3030,46
3031,248
3032,248
3033,19
3034,248
3035,205
3036,248
3037,30
3038,19
3039,88
3040,88
3041,70
3042,250
3043,13
3044,88
3045,267
3046,34
3047,250
3048,3
3049,250
3050,51
3051,53
3052,267
3053,250
3054,267
3055,189
3056,67
3057,67
3058,250
3059,13
3060,0
3061,13
3062,13
3063,165
3064,2
3065,53
3066,165
3067,13
3068,13
3069,13
3070,13
3071,13
3072,267
3073,165
3074,267
3075,13
3076,3
3077,222
3078,13
3079,222
3080,94
3081,94
3082,222
3083,13
3084,5
3085,53
3086,222
3087,222
3088,222
3089,250
3090,53
3091,222
3092,267
3093,5
3094,236
3095,250
3096,222
3097,236
3098,236
3099,136
3100,96
3101,58
3102,15
3103,15
3104,15
3105,15
3106,53
3107,137
3108,137
3109,137
3110,143
3111,192
3112,75
3113,267
3114,70
3115,264
3116,108
3117,70
3118,53
3119,57
3120,77
3121,240
3122,7
3123,7
3124,276
3125,276
3126,86
3127,19
3128,88
3129,165
3130,13
3131,18
3132,30
3133,30
3134,152
3135,173
3136,113
3137,203
3138,282
3139,30
3140,232
3141,232
3142,194
3143,30
3144,34
3145,35
3146,171
3147,255
3148,165
3149,88
3150,267
3151,267
3152,267
3153,222
3154,222
3155,50
3156,30
3157,94
3158,185
3159,185
3160,185
3161,69
3162,13
3163,50
3164,74
3165,255
3166,50
3167,69
3168,50
3169,50
3170,182
3171,164
3172,163
3173,182
3174,50
3175,174
3176,164
3177,164
3178,67
3179,30
3180,5
3181,5
3182,60
3183,94
3184,94
3185,35
3186,35
3187,222
3188,70
3189,0
3190,70
3191,0
3192,7
3193,3
3194,165
3195,267
3196,70
3197,53
3198,2
3199,267
3200,267
3201,267
3202,267
3203,267
3204,13
3205,13
3206,60
3207,192
3208,192
3209,236
3210,3
3211,222
3212,136
3213,136
3214,136
3215,136
3216,270
3217,136
3218,270
3219,3
3220,222
3221,251
3222,251
3223,251
3224,251
3225,251
3226,251
3227,251
3228,136
3229,136
3230,136
3231,12
3232,12
3233,12
3234,12
3235,12
3236,200
3237,12
3238,12
3239,37
3240,37
3241,252
3242,37
3243,165
3244,165
3245,3
3246,96
3247,96
3248,58
3249,96
3250,255
3251,58
3252,96
3253,58
3254,58
3255,58
3256,58
3257,199
3258,111
3259,222
3260,13
3261,199
3262,199
3263,199
3264,199
3265,199
3266,199
3267,199
3268,60
3269,60
3270,33
3271,268
3272,268
3273,36
3274,15
3275,15
3276,7
3277,15
3278,74
3279,155
3280,141
3281,141
3282,141
3283,36
3284,192
3285,192
3286,192
3287,34
3288,57
3289,53
3290,53
3291,3
3292,77
3293,77
3294,77
3295,108
3296,86
3297,13
3298,86
3299,86
3300,86
3301,2
3302,222
3303,165
3304,19
3305,19
3306,19
3307,151
3308,29
3309,19
3310,19
3311,19
3312,170
3313,151
3314,234
3315,170
3316,234
3317,234
3318,234
3319,29
3320,35
3321,151
3322,234
3323,29
3324,35
3325,35
3326,99
3327,234
3328,29
3329,99
3330,185
3331,20
3332,185
3333,185
3334,151
3335,29
3336,29
3337,151
3338,234
3339,185
3340,99
3341,234
3342,234
3343,151
3344,69
3345,234
3346,234
3347,69
3348,151
3349,234
3350,234
3351,234
3352,29
3353,234
3354,69
3355,151
3356,29
3357,234
3358,164
3359,151
3360,164
3361,34
3362,151
3363,151
3364,99
3365,67
3366,151
3367,234
3368,151
3369,256
3370,274
3371,99
3372,99
3373,234
3374,274
3375,202
3376,197
3377,256
3378,197
3379,234
3380,270
3381,270
3382,270
3383,270
3384,270
3385,270
3386,99
3387,234
3388,64
3389,64
3390,64
3391,64
3392,175
3393,136
3394,99
3395,29
3396,251
3397,136
3398,251
3399,251
3400,234
3401,151
3402,251
3403,251
3404,251
3405,251
3406,251
3407,251
3408,234
3409,234
3410,151
3411,252
3412,37
3413,252
3414,12
3415,1
3416,1
3417,1
3418,1
3419,96
3420,12
3421,234
3422,234
3423,234
3424,1
3425,58
3426,58
3427,58
3428,58
3429,58
3430,1
3431,278
3432,1
3433,58
3434,151
3435,234
3436,29
3437,151
3438,58
3439,130
3440,130
3441,130
3442,130
3443,130
3444,130
3445,99
3446,89
3447,130
3448,130
3449,130
3450,268
3451,99
3452,50
3453,268
3454,268
3455,268
3456,268
3457,268
3458,268
3459,16
3460,294
3461,141
3462,141
3463,141
3464,36
3465,36
3466,36
3467,36
3468,36
3469,141
3470,192
3471,198
3472,198
3473,74
3474,192
3475,192
3476,192
3477,175
3478,116
3479,175
3480,116
3481,175
3482,116
3483,116
3484,116
3485,116
3486,163
3487,175
3488,116
3489,86
3490,276
3491,95
3492,95
3493,86
3494,198
3495,16
3496,19
3497,19
3498,19
3499,19
3500,170
3501,182
3502,16
3503,30
3504,65
3505,35
3506,198
3507,185
3508,69
3509,69
3510,9
3511,164
3512,67
3513,240
3514,50
3515,236
3516,175
3517,1
3518,252
3519,252
3520,278
3521,89
3522,268
3523,141
3524,36
3525,16
3526,115
3527,192
3528,114
3529,163
3530,95
3531,276
3532,19
3533,65
3534,35
3535,34
3536,182
3537,65
3538,35
3539,35
3540,56
3541,50
3542,50
3543,69
3544,16
3545,69
3546,69
3547,179
3548,174
3549,164
3550,94
3551,16
3552,16
3553,16
3554,94
3555,67
3556,175
3557,198
3558,278
3559,89
3560,163
3561,268
3562,36
3563,43
3564,43
3565,115
3566,50
3567,50
3568,198
3569,182
3570,192
3571,278
3572,16
3573,50
3574,174
3575,276
3576,170
3577,170
3578,18
3579,30
3580,170
3581,199
3582,69
3583,198
3584,16
3585,198
3586,69
3587,164
3588,94
3589,236
3590,174
3591,175
3592,251
3593,175
3594,21
3595,256
3596,182
3597,89
3598,130
3599,15
3600,206
3601,206
3602,192
3603,284
3604,284
3605,86
3606,50
3607,192
3608,192
3609,192
3610,207
3611,65
3612,163
3613,16
3614,50
3615,170
3616,199
3617,163
3618,69
3619,69
3620,69
3621,240
3622,50
3623,9
3624,67
3625,56
3626,116
3627,279
3628,279
3629,130
3630,16
3631,16
3632,15
3633,15
3634,249
3635,198
3636,50
3637,249
3638,249
3639,286
3640,198
3641,192
3642,90
3643,90
3644,192
3645,137
3646,192
3647,149
3648,262
3649,19
3650,30
3651,90
3652,94
3653,30
3654,90
3655,90
3656,30
3657,90
3658,149
3659,183
3660,65
3661,149
3662,183
3663,149
3664,183
3665,149
3666,230
3667,149
3668,183
3669,183
3670,90
3671,90
3672,183
3673,90
3674,149
3675,149
3676,90
3677,149
3678,183
3679,65
3680,109
3681,109
3682,5
3683,5
3684,184
3685,184
3686,184
3687,184
3688,184
3689,184
3690,162
3691,68
3692,240
3693,68
3694,289
3695,289
3696,289
3697,162
3698,289
3699,289
3700,289
3701,289
3702,289
3703,67
3704,68
3705,68
3706,68
3707,68
3708,68
3709,68
3710,289
3711,68
3712,68
3713,289
3714,68
3715,68
3716,67
3717,289
3718,94
3719,270
3720,235
3721,116
3722,289
3723,21
3724,256
3725,268
3726,162
3727,55
3728,89
3729,294
3730,68
3731,162
3732,46
3733,162
3734,162
3735,68
3736,213
3737,162
3738,162
3739,209
3740,162
3741,162
3742,162
3743,68
3744,163
3745,192
3746,68
3747,46
3748,46
3749,68
3750,289
3751,85
3752,226
3753,85
3754,83
3755,85
3756,226
3757,226
3758,226
3759,85
3760,121
3761,83
3762,226
3763,85
3764,277
3765,297
3766,297
3767,85
3768,83
3769,85
3770,109
3771,184
3772,184
3773,297
3774,160
3775,192
3776,86
3777,192
3778,289
3779,289
3780,248
3781,297
3782,297
3783,297
3784,297
3785,192
3786,194
3787,60
3788,207
3789,60
3790,277
3791,184
3792,184
3793,10
3794,10
3795,10
3796,10
3797,10
3798,10
3799,160
3800,184
3801,184
3802,184
3803,109
3804,297
3805,10
3806,83
3807,297
3808,83
3809,109
3810,93
3811,184
3812,184
3813,184
3814,184
3815,184
3816,184
3817,184
3818,205
3819,226
3820,277
3821,10
3822,10
3823,10
3824,10
3825,10
3826,10
3827,14
3828,10
3829,10
3830,298
3831,10
3832,277
3833,85
3834,85
3835,184
3836,277
3837,10
3838,160
3839,160
3840,93
3841,184
3842,184
3843,184
3844,184
3845,83
3846,83
3847,14
3848,226
3849,109
3850,10
3851,160
3852,160
3853,83
3854,160
3855,85
3856,83
3857,83
3858,226
3859,109
3860,160
3861,248
3862,248
3863,253
3864,248
3865,253
3866,109
3867,93
3868,208
3869,71
3870,71
3871,71
3872,127
3873,283
3874,208
3875,106
3876,71
3877,107
3878,215
3879,71
3880,119
3881,283
3882,127
3883,276
3884,18
3885,208
3886,262
3887,145
3888,208
3889,107
3890,215
3891,106
3892,208
3893,208
3894,93
3895,109
3896,159
3897,215
3898,262
3899,71
3900,276
3901,276
3902,262
3903,208
3904,71
3905,93
3906,107
3907,93
3908,93
3909,93
3910,248
3911,107
3912,119
3913,275
3914,275
3915,145
3916,18
3917,71
3918,18
3919,18
3920,18
3921,145
3922,145
3923,127
3924,159
3925,119
3926,71
3927,127
3928,127
3929,208
3930,127
3931,71
3932,275
3933,283
3934,283
3935,248
3936,248
3937,18
3938,127
3939,275
3940,275
3941,275
3942,276
3943,159
3944,262
3945,107
3946,208
3947,95
3948,119
3949,208
3950,208
3951,229
3952,107
3953,106
3954,107
3955,208
3956,127
3957,208
3958,18
3959,106
3960,46
3961,152
3962,180
3963,180
3964,152
3965,97
3966,282
3967,191
3968,203
3969,282
3970,191
3971,232
3972,282
3973,97
3974,152
3975,293
3976,231
3977,230
3978,135
3979,104
3980,288
3981,230
3982,45
3983,212
3984,288
3985,132
3986,258
3987,238
3988,27
3989,80
3990,246
3991,263
3992,238
3993,238
3994,246
3995,132
3996,124
3997,246
3998,80
3999,277
4000,288
4001,14
4002,138
4003,187
4004,243
4005,246
4006,243
4007,14
4008,61
4009,238
4010,238
4011,243
4012,45
4013,263
4014,124
4015,80
4016,45
4017,277
4018,263
4019,27
4020,177
4021,104
4022,238
4023,195
4024,263
4025,7
4026,263
4027,124
4028,61
4029,104
4030,263
4031,124
4032,135
4033,288
4034,135
4035,135
4036,61
4037,14
4038,177
4039,104
4040,124
4041,138
4042,7
4043,230
4044,288
4045,187
4046,135
4047,243
4048,230
4049,230
4050,14
4051,132
4052,238
4053,195
4054,135
4055,246
4056,135
4057,288
4058,80
4059,45
4060,277
4061,135
4062,230
4063,212
4064,238
4065,132
4066,124
4067,45
4068,238
4069,50
4070,263
4071,135
4072,45
4073,263
4074,45
4075,104
4076,80
4077,292
4078,243
4079,298
4080,201
4081,38
4082,190
4083,219
4084,219
4085,219
4086,214
4087,231
4088,219
4089,228
4090,196
4091,214
4092,38
4093,190
4094,242
4095,228
4096,228
4097,219
4098,38
4099,219
4100,196
4101,242
4102,201
4103,196
4104,190
4105,242
4106,50
4107,153
4108,153
4109,50
4110,219
4111,16
4112,153
4113,38
4114,219
4115,190
4116,190
4117,214
4118,214
4119,196
4120,153
4121,214
4122,196
4123,38
4124,190
4125,242
4126,242
4127,153
4128,242
4129,219
4130,214
4131,190
4132,219
4133,228
4134,153
4135,190
4136,214
4137,242
4138,38
4139,190
4140,242
4141,196
4142,214
4143,190
4144,214
4145,196
4146,38
4147,242
4148,219
4149,196
4150,38
4151,214
4152,153
4153,153
4154,228
4155,214
4156,228
4157,190
4158,214
4159,228
4160,196
4161,121
4162,177
4163,48
4164,219
4165,38
4166,242
4167,106
4168,215
4169,262
4170,262
4171,262
4172,262
4173,18
4174,127
4175,107
4176,208
4177,71
4178,159
4179,71
4180,215
4181,215
4182,208
4183,208
4184,107
4185,215
4186,215
4187,127
4188,208
4189,262
4190,174
4191,196
4192,208
4193,208
4194,38
4195,38
4196,145
4197,127
4198,95
4199,215
4200,215
4201,228
4202,215
4203,208
4204,107
4205,174
4206,174
4207,174
4208,245
4209,174
4210,174
4211,50
4212,276
4213,262
4214,159
4215,262
4216,71
4217,245
4218,95
4219,208
4220,71
4221,127
4222,245
4223,245
4224,245
4225,208
4226,145
4227,215
4228,208
4229,174
4230,245
4231,245
4232,106
4233,159
4234,262
4235,159
4236,106
4237,71
4238,159
4239,208
4240,276
4241,276
4242,174
4243,245
4244,174
4245,127
4246,215
4247,283
4248,127
4249,106
4250,106
4251,107
4252,127
4253,106
4254,107
4255,18
4256,208
4257,107
4258,107
4259,107
4260,127
4261,276
4262,18
4263,18
4264,18
4265,127
4266,275
4267,106
4268,262
4269,127
4270,106
4271,275
4272,18
4273,145
4274,107
4275,127
4276,275
4277,208
4278,275
4279,275
4280,275
4281,275
4282,262
4283,107
4284,276
4285,107
4286,145
4287,215
4288,119
4289,18
4290,18
4291,71
4292,127
4293,262
4294,145
4295,127
4296,208
4297,18
4298,107
4299,276
4300,18
4301,18
4302,277
4303,277
4304,277
4305,277
4306,293
4307,293
4308,109
4309,277
4310,277
4311,293
4312,109
4313,277
4314,109
4315,109
4316,293
4317,277
4318,277
4319,277
4320,293
4321,293
4322,293
4323,293
4324,188
4325,277
4326,293
4327,277
4328,293
4329,277
4330,293
4331,109
4332,277
4333,109
4334,277
4335,277
4336,293
4337,293
4338,109
4339,109
4340,293
4341,293
4342,277
4343,115
4344,48
4345,121
4346,125
4347,125
4348,48
4349,125
4350,121
4351,125
4352,125
4353,125
4354,230
4355,121
4356,186
4357,121
4358,125
4359,48
4360,125
4361,125
4362,125
4363,125
4364,121
4365,121
4366,295
4367,281
4368,281
4369,186
4370,281
4371,120
4372,120
4373,90
4374,91
4375,91
4376,91
4377,91
4378,91
4379,179
4380,120
4381,120
4382,91
4383,90
4384,295
4385,296
4386,295
4387,91
4388,90
4389,295
4390,296
4391,281
4392,91
4393,292
4394,91
4395,230
4396,74
4397,120
4398,91
4399,91
4400,167
4401,230
4402,230
4403,230
4404,230
4405,230
4406,230
4407,230
4408,296
4409,281
4410,171
4411,295
4412,171
4413,91
4414,255
4415,50
4416,281
4417,91
4418,90
4419,91
4420,90
4421,120
4422,295
4423,296
4424,120
4425,120
4426,295
4427,60
4428,50
4429,296
4430,296
4431,50
4432,295
4433,281
4434,120
4435,120
4436,281
4437,281
4438,120
4439,120
4440,120
4441,281
4442,295
4443,295
4444,74
4445,296
4446,295
4447,292
4448,91
4449,91
4450,91
4451,257
4452,134
4453,271
4454,265
4455,119
4456,158
4457,110
4458,172
4459,134
4460,265
4461,26
4462,172
4463,110
4464,172
4465,25
4466,25
4467,216
4468,149
4469,25
4470,63
4471,110
4472,25
4473,271
4474,227
4475,26
4476,265
4477,271
4478,271
4479,271
4480,26
4481,147
4482,147
4483,167
4484,158
4485,119
4486,168
4487,134
4488,122
4489,149
4490,63
4491,204
4492,204
4493,265
4494,271
4495,110
4496,63
4497,26
4498,216
4499,110
4500,26
4501,158
4502,168
4503,134
4504,26
4505,158
4506,26
4507,122
4508,110
4509,158
4510,158
4511,204
4512,158
4513,158
4514,44
4515,271
4516,122
4517,168
4518,158
4519,119
4520,168
4521,25
4522,257
4523,26
4524,149
4525,216
4526,147
4527,25
4528,172
4529,110
4530,25
4531,168
4532,147
4533,26
4534,168
4535,227
4536,257
4537,63
4538,172
4539,265
4540,147
4541,134
4542,265
4543,168
4544,149
4545,149
4546,172
4547,168
4548,44
4549,204
4550,204
4551,44
4552,163
4553,257
4554,25
4555,257
4556,110
4557,216
4558,44
4559,257
4560,265
4561,122
4562,248
4563,168
4564,149
4565,134
4566,158
4567,147
4568,168
4569,158
4570,265
4571,63
4572,110
4573,271
4574,271
4575,265
4576,138
4577,248
4578,265
4579,134
4580,147
4581,271
4582,163
4583,265
4584,172
4585,134
4586,134
4587,26
4588,257
4589,204
4590,227
4591,122
4592,25
4593,44
4594,227
4595,122
4596,147
4597,110
4598,25
4599,271
4600,172
4601,257
4602,262
4603,204
4604,63
4605,26
4606,119
4607,168
4608,227
4609,204
4610,158
4611,198
4612,110
4613,134
4614,262
4615,168
4616,265
4617,248
4618,110
4619,227
4620,46
4621,168
4622,271
4623,122
4624,204
4625,110
4626,63
4627,44
4628,204
4629,257
4630,63
4631,204
4632,216
4633,216
4634,25
4635,25
4636,271
4637,147
4638,216
4639,147
4640,222
4641,147
4642,44
4643,122
4644,227
4645,257
4646,168
4647,216
4648,271
4649,110
4650,122
4651,172
4652,3
4653,172
4654,158
4655,204
4656,110
4657,70
4658,227
4659,119
4660,134
4661,265
4662,227
4663,26
4664,63
4665,110
4666,271
4667,119
4668,63
4669,122
4670,122
4671,63
4672,165
4673,165
4674,63
4675,172
4676,267
4677,174
4678,174
4679,174
4680,190
4681,196
4682,38
4683,190
4684,214
4685,214
4686,38
4687,190
4688,214
4689,228
4690,196
4691,38
4692,165
4693,13
4694,214
4695,190
4696,38
4697,38
4698,228
4699,242
4700,214
4701,219
4702,214
4703,190
4704,214
4705,0
4706,242
4707,70
4708,153
4709,50
4710,214
4711,228
4712,70
4713,153
4714,13
4715,242
4716,242
4717,174
4718,174
4719,174
4720,174
4721,174
4722,174
4723,174
4724,174
4725,153
4726,121
4727,121
4728,179
4729,179
4730,179
4731,179
4732,156
4733,156
4734,253
4735,253
4736,156
4737,156
4738,156
4739,253
4740,156
4741,156
4742,46
4743,253
4744,253
4745,253
4746,156
4747,46
4748,46
4749,46
4750,156
4751,156
4752,50
4753,152
4754,152
4755,46
4756,46
4757,253
4758,111
4759,156
4760,156
4761,156
4762,156
4763,156
4764,156
4765,253
4766,156
4767,156
4768,156
4769,156
4770,156
4771,156
4772,13
4773,13
4774,13
4775,29
4776,2
4777,13
4778,13
4779,13
4780,13
4781,103
4782,175
4783,175
4784,175
4785,103
4786,175
4787,103
4788,175
4789,175
4790,256
4791,103
4792,114
4793,114
4794,21
4795,21
4796,21
4797,21
4798,21
4799,21
4800,284
4801,50
4802,89
4803,89
4804,284
4805,137
4806,137
4807,137
4808,15
4809,58
4810,256
4811,284
4812,284
4813,284
4814,284
4815,284
4816,284
4817,89
4818,284
4819,143
4820,143
4821,23
4822,95
4823,95
4824,86
4825,19
4826,19
4827,19
4828,19
4829,19
4830,170
4831,170
4832,170
4833,170
4834,19
4835,275
4836,19
4837,90
4838,51
4839,9
4840,189
4841,94
4842,175
4843,136
4844,136
4845,175
4846,136
4847,136
4848,136
4849,175
4850,175
4851,136
4852,136
4853,114
4854,114
4855,103
4856,200
4857,21
4858,116
4859,116
4860,116
4861,21
4862,89
4863,89
4864,89
4865,284
4866,284
4867,284
4868,284
4869,284
4870,284
4871,137
4872,137
4873,15
4874,33
4875,33
4876,33
4877,33
4878,89
4879,284
4880,284
4881,284
4882,284
4883,284
4884,279
4885,137
4886,143
4887,143
4888,143
4889,98
4890,98
4891,86
4892,86
4893,86
4894,19
4895,19
4896,19
4897,19
4898,19
4899,19
4900,205
4901,205
4902,205
4903,88
4904,19
4905,88
4906,88
4907,88
4908,88
4909,94
4910,35
4911,9
4912,189
4913,9
4914,9
4915,67
4916,251
4917,251
4918,251
4919,251
4920,251
4921,251
4922,251
4923,136
4924,114
4925,114
4926,96
4927,96
4928,96
4929,96
4930,200
4931,200
4932,37
4933,200
4934,21
4935,116
4936,116
4937,116
4938,284
4939,284
4940,284
4941,284
4942,284
4943,89
4944,89
4945,199
4946,33
4947,33
4948,33
4949,33
4950,33
4951,33
4952,33
4953,137
4954,279
4955,279
4956,207
4957,207
4958,75
4959,98
4960,75
4961,75
4962,276
4963,19
4964,18
4965,18
4966,19
4967,19
4968,19
4969,30
4970,205
4971,183
4972,88
4973,34
4974,34
4975,189
4976,189
4977,67
4978,0
4979,94
4980,94
4981,5
4982,236
4983,236
4984,236
4985,236
4986,236
4987,236
4988,136
4989,175
4990,136
4991,136
4992,136
4993,251
4994,251
4995,251
4996,251
4997,37
4998,37
4999,200
5000,37
5001,37
5002,200
5003,200
5004,12
5005,12
5006,12
5007,12
5008,96
5009,12
5010,96
5011,96
5012,96
5013,96
5014,199
5015,199
5016,199
5017,199
5018,199
5019,199
5020,199
5021,199
5022,199
5023,199
5024,15
5025,15
5026,33
5027,33
5028,137
5029,137
5030,192
5031,19
5032,149
5033,94
5034,88
5035,94
5036,236
5037,251
5038,37
5039,199
5040,89
5041,89
5042,130
5043,137
5044,15
5045,141
5046,34
5047,19
5048,20
5049,164
5050,164
5051,67
5052,1
5053,268
5054,141
5055,95
5056,65
5057,35
5058,185
5059,56
5060,56
5061,56
5062,56
5063,56
5064,56
5065,69
5066,9
5067,67
5068,64
5069,64
5070,236
5071,236
5072,64
5073,64
5074,236
5075,236
5076,235
5077,235
5078,236
5079,235
5080,21
5081,21
5082,21
5083,21
5084,21
5085,21
5086,251
5087,175
5088,175
5089,175
5090,252
5091,1
5092,1
5093,1
5094,252
5095,278
5096,278
5097,1
5098,1
5099,237
5100,278
5101,278
5102,278
5103,89
5104,130
5105,130
5106,130
5107,130
5108,130
5109,130
5110,89
5111,268
5112,294
5113,268
5114,294
5115,268
5116,268
5117,268
5118,141
5119,141
5120,15
5121,141
5122,36
5123,15
5124,15
5125,36
5126,36
5127,192
5128,192
5129,192
5130,192
5131,116
5132,114
5133,103
5134,114
5135,114
5136,103
5137,276
5138,276
5139,19
5140,19
5141,19
5142,207
5143,65
5144,65
5145,65
5146,65
5147,56
5148,56
5149,56
5150,56
5151,56
5152,56
5153,270
5154,270
5155,270
5156,270
5157,69
5158,164
5159,164
5160,164
5161,235
5162,235
5163,236
5164,236
5165,236
5166,236
5167,175
5168,175
5169,236
5170,236
5171,236
5172,236
5173,251
5174,251
5175,251
5176,251
5177,175
5178,175
5179,175
5180,116
5181,278
5182,211
5183,252
5184,211
5185,252
5186,252
5187,252
5188,21
5189,252
5190,237
5191,237
5192,237
5193,1
5194,89
5195,130
5196,89
5197,89
5198,130
5199,89
5200,268
5201,294
5202,268
5203,294
5204,268
5205,15
5206,141
5207,36
5208,36
5209,34
5210,34
5211,43
5212,43
5213,192
5214,192
5215,192
5216,192
5217,103
5218,103
5219,103
5220,21
5221,251
5222,21
5223,284
5224,284
5225,276
5226,276
5227,276
5228,276
5229,205
5230,170
5231,65
5232,30
5233,30
5234,35
5235,103
5236,103
5237,103
5238,103
5239,103
5240,103
5241,103
5242,103
5243,103
5244,69
5245,69
5246,69
5247,9
5248,9
5249,67
5250,236
5251,175
5252,175
5253,236
5254,175
5255,56
5256,56
5257,236
5258,236
5259,236
5260,175
5261,236
5262,175
5263,175
5264,175
5265,251
5266,251
5267,175
5268,175
5269,21
5270,21
5271,256
5272,103
5273,256
5274,256
5275,256
5276,21
5277,21
5278,237
5279,237
5280,237
5281,279
5282,237
5283,279
5284,89
5285,89
5286,89
5287,89
5288,130
5289,130
5290,130
5291,15
5292,15
5293,15
5294,15
5295,15
5296,15
5297,249
5298,249
5299,206
5300,206
5301,213
5302,286
5303,286
5304,43
5305,43
5306,43
5307,43
5308,192
5309,143
5310,143
5311,192
5312,284
5313,284
5314,284
5315,284
5316,284
5317,284
5318,284
5319,86
5320,207
5321,207
5322,207
5323,207
5324,30
5325,65
5326,65
5327,65
5328,35
5329,35
5330,35
5331,199
5332,199
5333,199
5334,199
5335,199
5336,199
5337,130
5338,69
5339,240
5340,164
5341,67
5342,67
5343,56
5344,56
5345,56
5346,56
5347,236
5348,56
5349,56
5350,56
5351,175
5352,175
5353,175
5354,175
5355,116
5356,116
5357,116
5358,175
5359,21
5360,21
5361,103
5362,114
5363,37
5364,37
5365,200
5366,37
5367,200
5368,237
5369,279
5370,237
5371,237
5372,130
5373,130
5374,130
5375,130
5376,268
5377,130
5378,268
5379,268
5380,294
5381,294
5382,15
5383,206
5384,286
5385,286
5386,143
5387,143
5388,143
5389,192
5390,192
5391,192
5392,192
5393,192
5394,8
5395,197
5396,197
5397,8
5398,8
5399,192
5400,207
5401,207
5402,207
5403,207
5404,207
5405,207
5406,65
5407,0
5408,30
5409,30
5410,65
5411,65
5412,130
5413,199
5414,199
5415,199
5416,270
5417,136
5418,136
5419,175
5420,175
5421,175
5422,5
5423,240
5424,164
5425,9
5426,67
5427,94
5428,94
5429,67
5430,56
5431,56
5432,274
5433,274
5434,270
5435,274
5436,116
5437,116
5438,116
5439,116
5440,116
5441,235
5442,235
5443,235
5444,235
5445,37
5446,21
5447,21
5448,252
5449,252
5450,252
5451,252
5452,279
5453,237
5454,137
5455,237
5456,137
5457,155
5458,137
5459,130
5460,130
5461,130
5462,268
5463,268
5464,268
5465,294
5466,268
5467,294
5468,294
5469,294
5470,256
5471,256
5472,286
5473,33
5474,192
5475,192
5476,192
5477,8
5478,8
5479,8
5480,8
5481,8
5482,197
5483,86
5484,81
5485,86
5486,86
5487,207
5488,207
5489,207
5490,207
5491,207
5492,30
5493,86
5494,65
5495,65
5496,175
5497,103
5498,64
5499,64
5500,116
5501,64
5502,64
5503,5
5504,9
5505,9
5506,67
5507,67
5508,67
5509,94
5510,94
5511,136
5512,136
5513,136
5514,175
5515,56
5516,235
5517,175
5518,235
5519,235
5520,235
5521,235
5522,64
5523,64
5524,235
5525,235
5526,235
5527,211
5528,21
5529,211
5530,211
5531,211
5532,211
5533,256
5534,237
5535,256
5536,237
5537,237
5538,256
5539,256
5540,237
5541,89
5542,294
5543,294
5544,294
5545,294
5546,294
5547,294
5548,294
5549,197
5550,256
5551,209
5552,207
5553,19
5554,86
5555,81
5556,81
5557,86
5558,81
5559,81
5560,95
5561,81
5562,86
5563,86
5564,19
5565,207
5566,19
5567,65
5568,95
5569,95
5570,95
5571,95
5572,95
5573,5
5574,5
5575,67
5576,67
5577,67
5578,94
5579,136
5580,136
5581,136
5582,136
5583,136
5584,136
5585,136
5586,270
5587,270
5588,116
5589,116
5590,64
5591,64
5592,64
5593,64
5594,64
5595,64
5596,211
5597,116
5598,211
5599,211
5600,211
5601,116
5602,116
5603,211
5604,211
5605,116
5606,116
5607,116
5608,237
5609,237
5610,237
5611,237
5612,256
5613,237
5614,237
5615,256
5616,237
5617,279
5618,279
5619,294
5620,294
5621,209
5622,197
5623,209
5624,103
5625,33
5626,207
5627,81
5628,81
5629,86
5630,192
5631,86
5632,86
5633,86
5634,86
5635,81
5636,95
5637,95
5638,276
5639,18
5640,205
5641,205
5642,205
5643,205
5644,30
5645,30
5646,170
5647,65
5648,65
5649,95
5650,86
5651,86
5652,47
5653,9
5654,51
5655,270
5656,270
5657,270
5658,270
5659,270
5660,270
5661,103
5662,103
5663,103
5664,103
5665,103
5666,64
5667,64
5668,64
5669,64
5670,64
5671,116
5672,211
5673,211
5674,211
5675,211
5676,116
5677,116
5678,116
5679,116
5680,116
5681,155
5682,155
5683,155
5684,155
5685,155
5686,155
5687,155
5688,155
5689,155
5690,155
5691,197
5692,197
5693,155
5694,137
5695,197
5696,137
5697,137
5698,137
5699,274
5700,270
5701,103
5702,270
5703,64
5704,64
5705,286
5706,192
5707,192
5708,192
5709,86
5710,86
5711,95
5712,95
5713,19
5714,18
5715,18
5716,205
5717,205
5718,205
5719,30
5720,111
5721,88
5722,86
5723,19
5724,30
5725,30
5726,210
5727,5
5728,189
5729,103
5730,103
5731,103
5732,103
5733,103
5734,103
5735,103
5736,116
5737,64
5738,116
5739,116
5740,211
5741,64
5742,116
5743,116
5744,21
5745,21
5746,21
5747,21
5748,21
5749,116
5750,116
5751,116
5752,155
5753,155
5754,155
5755,155
5756,279
5757,279
5758,137
5759,8
5760,197
5761,197
5762,197
5763,8
5764,8
5765,137
5766,89
5767,268
5768,211
5769,211
5770,211
5771,64
5772,252
5773,207
5774,207
5775,207
5776,207
5777,86
5778,101
5779,101
5780,95
5781,95
5782,95
5783,18
5784,86
5785,19
5786,205
5787,205
5788,19
5789,88
5790,88
5791,88
5792,88
5793,88
5794,88
5795,94
5796,19
5797,19
5798,19
5799,5
5800,9
5801,47
5802,51
5803,5
5804,5
5805,5
5806,5
5807,103
5808,103
5809,103
5810,103
5811,274
5812,103
5813,211
5814,211
5815,116
5816,116
5817,211
5818,116
5819,116
5820,116
5821,21
5822,116
5823,21
5824,21
5825,21
5826,116
5827,21
5828,21
5829,251
5830,278
5831,278
5832,278
5833,278
5834,8
5835,8
5836,8
5837,8
5838,137
5839,137
5840,89
5841,89
5842,294
5843,268
5844,268
5845,294
5846,137
5847,252
5848,1
5849,1
5850,58
5851,58
5852,58
5853,58
5854,58
5855,207
5856,207
5857,207
5858,92
5859,23
5860,23
5861,23
5862,23
5863,146
5864,60
5865,92
5866,95
5867,95
5868,95
5869,18
5870,18
5871,18
5872,205
5873,205
5874,19
5875,170
5876,170
5877,170
5878,88
5879,88
5880,88
5881,94
5882,88
5883,94
5884,88
5885,275
5886,19
5887,205
5888,19
5889,5
5890,210
5891,47
5892,9
5893,70
5894,5
5895,5
5896,19
5897,101
5898,211
5899,192
5900,170
5901,276
5902,101
5903,240
5904,141
5905,30
5906,67
5907,22
5908,223
5909,223
5910,223
5911,221
5912,221
5913,69
5914,102
5915,102
5916,102
5917,102
5918,240
5919,240
5920,240
5921,77
5922,240
5923,77
5924,108
5925,20
5926,20
5927,20
5928,20
5929,20
5930,249
5931,280
5932,34
5933,20
5934,20
5935,20
5936,84
5937,57
5938,57
5939,77
5940,77
5941,77
5942,77
5943,213
5944,206
5945,206
5946,206
5947,1
5948,154
5949,95
5950,274
5951,82
5952,82
5953,82
5954,82
5955,82
5956,128
5957,66
5958,221
5959,146
5960,102
5961,261
5962,102
5963,102
5964,108
5965,9
5966,280
5967,280
5968,280
5969,249
5970,20
5971,20
5972,57
5973,108
5974,77
5975,240
5976,209
5977,209
5978,209
5979,209
5980,209
5981,209
5982,241
5983,98
5984,66
5985,66
5986,221
5987,221
5988,221
5989,66
5990,221
5991,221
5992,146
5993,69
5994,146
5995,62
5996,62
5997,100
5998,62
5999,9
6000,264
6001,9
6002,213
6003,206
6004,57
6005,57
6006,57
6007,77
6008,57
6009,34
6010,280
6011,34
6012,197
6013,8
6014,8
6015,197
6016,197
6017,112
6018,33
6019,157
6020,221
6021,221
6022,221
6023,221
6024,92
6025,101
6026,62
6027,101
6028,101
6029,101
6030,101
6031,128
6032,100
6033,100
6034,100
6035,100
6036,22
6037,75
6038,75
6039,75
6040,264
6041,280
6042,280
6043,280
6044,57
6045,57
6046,280
6047,239
6048,274
6049,270
6050,270
6051,270
6052,270
6053,270
6054,136
6055,136
6056,136
6057,56
6058,56
6059,56
6060,56
6061,56
6062,236
6063,56
6064,56
6065,56
6066,56
6067,211
6068,221
6069,128
6070,128
6071,128
6072,82
6073,92
6074,221
6075,92
6076,128
6077,128
6078,128
6079,128
6080,128
6081,169
6082,28
6083,221
6084,221
6085,274
6086,274
6087,274
6088,102
6089,102
6090,100
6091,264
6092,264
6093,264
6094,75
6095,98
6096,157
6097,197
6098,35
6099,157
6100,157
6101,157
6102,35
6103,112
6104,35
6105,35
6106,157
6107,112
6108,112
6109,112
6110,112
6111,128
6112,128
6113,128
6114,128
6115,128
6116,128
6117,82
6118,82
6119,82
6120,82
6121,128
6122,92
6123,169
6124,221
6125,221
6126,101
6127,101
6128,100
6129,100
6130,100
6131,100
6132,102
6133,102
6134,241
6135,241
6136,274
6137,185
6138,185
6139,112
6140,112
6141,112
6142,112
6143,112
6144,112
6145,112
6146,112
6147,170
6148,170
6149,154
6150,154
6151,154
6152,170
6153,170
6154,35
6155,154
6156,35
6157,154
6158,170
6159,170
6160,35
6161,92
6162,101
6163,157
6164,28
6165,82
6166,82
6167,82
6168,82
6169,82
6170,82
6171,82
6172,82
6173,101
6174,92
6175,101
6176,274
6177,261
6178,100
6179,100
6180,100
6181,75
6182,22
6183,22
6184,84
6185,84
6186,84
6187,241
6188,241
6189,84
6190,170
6191,28
6192,28
6193,28
6194,28
6195,28
6196,28
6197,28
6198,28
6199,28
6200,28
6201,28
6202,169
6203,169
6204,169
6205,169
6206,169
6207,239
6208,239
6209,239
6210,239
6211,239
6212,239
6213,169
6214,169
6215,169
6216,169
6217,169
6218,169
6219,169
6220,28
6221,28
6222,28
6223,28
6224,94
6225,206
6226,206
6227,82
6228,28
6229,82
6230,223
6231,223
6232,223
6233,223
6234,223
6235,92
6236,23
6237,23
6238,101
6239,261
6240,261
6241,261
6242,22
6243,22
6244,241
6245,241
6246,274
6247,108
6248,84
6249,84
6250,84
6251,84
6252,28
6253,28
6254,223
6255,56
6256,56
6257,28
6258,28
6259,56
6260,56
6261,56
6262,56
6263,56
6264,28
6265,56
6266,56
6267,28
6268,169
6269,169
6270,169
6271,169
6272,169
6273,169
6274,169
6275,169
6276,169
6277,169
6278,270
6279,270
6280,274
6281,274
6282,239
6283,239
6284,270
6285,270
6286,270
6287,270
6288,169
6289,169
6290,28
6291,136
6292,136
6293,136
6294,22
6295,223
6296,82
6297,28
6298,223
6299,28
6300,62
6301,146
6302,261
6303,146
6304,62
6305,69
6306,108
6307,274
6308,274
6309,241
6310,108
6311,241
6312,108
6313,241
6314,22
6315,22
6316,22
6317,67
6318,22
6319,22
6320,108
6321,108
6322,202
6323,202
6324,202
6325,202
6326,202
6327,202
6328,202
6329,202
6330,202
6331,202
6332,202
6333,202
6334,206
6335,202
6336,213
6337,213
6338,213
6339,65
6340,128
6341,28
6342,28
6343,128
6344,128
6345,28
6346,128
6347,128
6348,60
6349,69
6350,62
6351,146
6352,241
6353,100
6354,22
6355,22
6356,84
6357,108
6358,84
6359,213
6360,20
6361,280
6362,249
6363,249
6364,34
6365,34
6366,185
6367,185
6368,20
6369,84
6370,185
6371,84
6372,20
6373,185
6374,84
6375,205
6376,92
6377,128
6378,28
6379,128
6380,128
6381,221
6382,221
6383,221
6384,146
6385,261
6386,62
6387,261
6388,261
6389,100
6390,100
6391,100
6392,84
6393,241
6394,185
6395,185
6396,185
6397,185
6398,20
6399,20
6400,202
6401,34
6402,34
6403,213
6404,213
6405,34
6406,240
6407,164
6408,239
6409,239
6410,221
6411,221
6412,146
6413,146
6414,62
6415,261
6416,261
6417,146
6418,100
6419,75
6420,75
6421,75
6422,75
6423,75
6424,22
6425,240
6426,164
6427,164
6428,67
6429,67
6430,164
6431,67
6432,213
6433,213
6434,206
6435,67
6436,164
6437,34
6438,34
6439,69
6440,62
6441,62
6442,146
6443,22
6444,22
6445,22
6446,75
6447,22
6448,77
6449,77
6450,77
6451,77
6452,77
6453,34
6454,34
6455,206
6456,206
6457,206
6458,206
6459,206
6460,206
6461,62
6462,102
6463,102
6464,102
6465,22
6466,264
6467,264
6468,77
6469,77
6470,240
6471,240
6472,77
6473,77
6474,209
6475,202
6476,213
6477,213
6478,112
6479,154
6480,207
6481,112
6482,112
6483,112
6484,112
6485,112
6486,112
6487,112
6488,112
6489,112
6490,9
6491,47
6492,98
6493,47
6494,264
6495,264
6496,240
6497,57
6498,8
6499,8
6500,8
6501,8
6502,8
6503,8
6504,8
6505,8
6506,112
6507,112
6508,207
6509,170
6510,112
6511,154
6512,170
6513,207
6514,56
6515,28
6516,239
6517,67
6518,294
6519,108
6520,35
6521,112
6522,112
6523,202
6524,47
6525,1
6526,240
6527,34
6528,57
6529,280
6530,202
6531,209
6532,202
6533,202
6534,35
6535,35
6536,202
6537,35
6538,35
6539,202
6540,197
6541,197
6542,197
6543,197
6544,197
6545,197
6546,62
6547,8
6548,294
6549,223
6550,43
6551,67
6552,1
6553,128
6554,252
6555,28
6556,21
6557,86
6558,205
6559,279
6560,223
6561,213
6562,98
6563,116
6564,211
6565,278
6566,65
6567,211
6568,40
6569,40
6570,211
6571,40
6572,211
6573,211
6574,211
6575,211
6576,211
6577,211
6578,40
6579,40
6580,40
6581,233
6582,233
6583,211
6584,40
6585,40
6586,40
6587,233
6588,233
6589,233
6590,223
6591,40
6592,32
6593,233
6594,233
6595,223
6596,233
6597,223
6598,32
6599,32
6600,32
6601,105
6602,105
6603,105
6604,105
6605,233
6606,32
6607,233
6608,233
6609,233
6610,40
6611,32
6612,32
6613,32
6614,32
6615,223
6616,233
6617,211
6618,233
6619,40
6620,32
6621,105
6622,32
6623,32
6624,211
6625,87
6626,211
6627,233
6628,40
6629,219
6630,40
6631,32
6632,233
6633,233
6634,228
6635,90
6636,233
6637,233
6638,233
6639,32
6640,32
6641,87
6642,233
6643,233
6644,233
6645,87
6646,87
6647,233
6648,32
6649,32
6650,32
6651,32
6652,32
6653,87
6654,87
6655,87
6656,87
6657,233
6658,32
6659,87
6660,87
6661,87
6662,87
6663,229
6664,32
6665,32
6666,32
6667,32
6668,32
6669,87
6670,87
6671,87
6672,87
6673,87
6674,87
6675,229
6676,71
6677,105
6678,90
6679,87
6680,87
6681,87
6682,87
6683,211
6684,90
6685,40
6686,71
6687,40
6688,40
6689,40
6690,87
6691,32
6692,32
6693,32
6694,32
6695,32
6696,32
6697,32
6698,32
6699,87
6700,32
6701,211
6702,87
6703,87
6704,211
6705,40
6706,233
6707,87
6708,211
6709,211
6710,211
6711,211
6712,211
6713,233
6714,211
6715,87
6716,87
6717,87
6718,13
6719,13
6720,117
6721,117
6722,144
6723,144
6724,13
6725,117
6726,144
6727,285
6728,285
6729,117
6730,117
6731,117
6732,117
6733,144
6734,13
6735,144
6736,144
6737,13
6738,13
6739,29
6740,29
6741,29
6742,29
6743,29
6744,285
6745,285
6746,285
6747,29
6748,144
6749,144
6750,285
6751,285
6752,117
6753,117
6754,285
6755,13
6756,117
6757,117
6758,117
6759,117
6760,117
6761,29
6762,144
6763,13
6764,13
6765,219
6766,285
6767,285
6768,217
6769,217
6770,285
6771,54
6772,13
6773,117
6774,285
6775,259
6776,259
6777,259
6778,2
6779,117
6780,259
6781,285
6782,259
6783,259
6784,259
6785,259
6786,7
6787,60
6788,7
6789,117
6790,13
6791,13
6792,13
6793,13
6794,29
6795,259
6796,117
6797,117
6798,285
6799,285
6800,117
6801,117
6802,144
6803,55
6804,253
6805,161
6806,180
6807,217
6808,161
6809,253
6810,161
6811,161
6812,161
6813,180
6814,217
6815,161
6816,55
6817,93
6818,93
6819,161
6820,55
6821,93
6822,93
6823,55
6824,161
6825,161
6826,93
6827,93
6828,55
6829,180
6830,76
6831,253
6832,93
6833,11
6834,76
6835,193
6836,11
6837,55
6838,93
6839,11
6840,76
6841,55
6842,11
6843,11
6844,11
6845,76
6846,142
6847,223
6848,142
6849,287
6850,72
6851,273
6852,218
6853,139
6854,139
6855,217
6856,148
6857,290
6858,41
6859,99
6860,181
6861,126
6862,129
6863,253
6864,266
6865,299
6866,287
6867,92
6868,176
6869,166
6870,287
6871,128
6872,176
6873,176
6874,223
6875,220
6876,291
6877,52
6878,254
6879,72
6880,254
6881,82
6882,41
6883,273
6884,221
6885,287
6886,52
6887,287
6888,218
6889,133
6890,39
6891,181
6892,118
6893,253
6894,254
6895,52
6896,290
6897,142
6898,99
6899,223
6900,133
6901,223
6902,72
6903,148
6904,66
6905,52
6906,291
6907,299
6908,5
6909,23
6910,176
6911,299
6912,42
6913,39
6914,151
6915,52
6916,42
6917,176
6918,118
6919,291
6920,181
6921,166
6922,39
6923,82
6924,5
6925,72
6926,266
6927,42
6928,287
6929,266
6930,148
6931,181
6932,151
6933,223
6934,41
6935,133
6936,129
6937,66
6938,139
6939,224
6940,133
6941,176
6942,78
6943,144
6944,23
6945,128
6946,52
6947,72
6948,218
6949,128
6950,151
6951,299
6952,224
6953,52
6954,52
6955,82
6956,181
6957,166
6958,52
6959,42
6960,66
6961,118
6962,129
6963,247
6964,133
6965,42
6966,41
6967,223
6968,82
6969,151
6970,39
6971,66
6972,178
6973,181
6974,126
6975,266
6976,72
6977,290
6978,146
6979,273
6980,166
6981,82
6982,54
6983,139
6984,42
6985,273
6986,142
6987,118
6988,220
6989,42
6990,148
6991,78
6992,78
6993,133
6994,178
6995,69
6996,129
6997,142
6998,151
6999,273
7000,178
7001,287
7002,253
7003,181
7004,253
7005,247
7006,253
7007,41
7008,66
7009,253
7010,133
7011,129
7012,54
7013,254
7014,23
7015,72
7016,52
7017,118
7018,178
7019,78
7020,66
7021,66
7022,23
7023,54
7024,259
7025,42
7026,287
7027,118
7028,39
7029,247
7030,223
7031,291
7032,129
7033,99
7034,66
7035,247
7036,142
7037,253
7038,224
7039,133
7040,133
7041,78
7042,176
7043,253
7044,142
7045,82
7046,231
7047,224
7048,291
7049,129
7050,2
7051,52
7052,166
7053,290
7054,142
7055,52
7056,291
7057,118
7058,13
7059,41
7060,52
7061,176
7062,139
7063,165
7064,54
7065,176
7066,66
7067,82
7068,224
7069,181
7070,79
7071,118
7072,218
7073,142
7074,259
7075,273
7076,151
7077,259
7078,299
7079,247
7080,266
7081,176
7082,79
7083,287
7084,42
7085,247
7086,79
7087,5
7088,218
7089,224
7090,129
7091,41
7092,118
7093,23
7094,266
7095,65
7096,266
7097,99
7098,250
7099,259
7100,0
7101,267
7102,254
7103,220
7104,118
7105,151
7106,254
7107,142
7108,82
7109,220
7110,259
7111,250
7112,299
7113,54
7114,290
7115,23
7116,66
7117,139
7118,94
7119,5
7120,176
7121,291
7122,60
7123,82
7124,176
7125,39
7126,220
7127,223
7128,66
7129,292
7130,231
7131,5
7132,94
7133,118
7134,142
7135,39
7136,292
7137,231
7138,201
7139,299
7140,5
7141,142
7142,126
7143,247
7144,142
7145,72
7146,142
7147,287
7148,79
7149,66
7150,166
7151,42
7152,287
7153,148
7154,176
7155,41
7156,266
7157,39
7158,78
7159,99
7160,94
7161,201
7162,201
7163,292
7164,231
7165,201
7166,231
7167,231
7168,94
7169,91
7170,52
7171,231
7172,292
7173,201
7174,201
7175,247
7176,139
7177,133
7178,23
7179,181
7180,224
7181,52
7182,247
7183,129
7184,72
7185,66
7186,287
7187,148
7188,41
7189,54
7190,129
7191,273
7192,299
7193,218
7194,175
7195,21
7196,21
7197,89
7198,198
7199,182
7200,50
7201,151
7202,287
7203,89
7204,128
7205,54
7206,299
7207,273
7208,247
7209,118
7210,166
7211,247
7212,294
7213,209
7214,209
7215,33
7216,192
7217,86
7218,19
7219,78
7220,78
7221,176
7222,118
7223,19
7224,205
7225,72
7226,39
7227,205
7228,218
7229,42
7230,299
7231,201
7232,151
7233,39
7234,224
7235,292
7236,292
7237,254
7238,23
7239,166
7240,60
7241,205
7242,170
7243,65
7244,247
7245,287
7246,142
7247,273
7248,129
7249,82
7250,142
7251,78
7252,69
7253,95
7254,218
7255,176
7256,299
7257,126
7258,287
7259,72
7260,176
7261,54
7262,54
7263,273
7264,42
7265,42
7266,39
7267,144
7268,142
7269,99
7270,72
7271,223
7272,224
7273,299
7274,78
7275,41
7276,99
7277,299
7278,291
7279,52
7280,133
7281,17
7282,92
7283,42
7284,42
7285,151
7286,178
7287,118
7288,254
7289,118
7290,17
7291,118
7292,29
7293,39
7294,72
7295,41
7296,129
7297,31
7298,283
7299,194
7300,201
7301,231
7302,201
7303,194
7304,194
7305,201
7306,31
7307,194
7308,194
7309,194
7310,194
7311,31
7312,194
7313,283
7314,283
7315,31
7316,201
7317,194
7318,49
7319,194
7320,49
7321,194
7322,283
7323,292
7324,283
7325,184
7326,194
7327,194
7328,194
7329,31
7330,31
7331,188
7332,188
7333,201
7334,188
7335,161
7336,188
7337,180
7338,188
7339,188
7340,272
7341,188
7342,188
7343,188
7344,188
7345,188
7346,188
7347,161
7348,293
7349,231
7350,188
7351,188
7352,161
7353,188
7354,292
7355,201
7356,292
7357,188
7358,188
7359,180
7360,161
7361,292
7362,231
7363,292
7364,188
7365,201
7366,272
7367,277
7368,201
7369,292
7370,212
7371,272
7372,212
7373,212
7374,212
7375,231
7376,212
7377,201
7378,272
7379,272
7380,257
7381,187
7382,257
7383,183
7384,165
7385,272
7386,70
7387,267
7388,183
7389,0
7390,272
7391,183
7392,183
7393,245
7394,245
7395,283
7396,233
7397,149
7398,183
7399,183
7400,90
7401,222
7402,0
7403,31
7404,123
7405,245
7406,13
7407,70
7408,3
7409,245
7410,123
7411,13
7412,3
7413,201
7414,177
7415,230
7416,27
7417,165
7418,95
7419,71
7420,48
7421,267
7422,250
7423,165
7424,13
7425,7
7426,222
7427,50
7428,198
7429,182
7430,163
7431,50
7432,163
7433,106
7434,127
7435,50
7436,297
7437,289
7438,150
7439,289
7440,162
7441,230
7442,177
7443,226
7444,187
7445,187
7446,115
7447,186
7448,74
7449,275
7450,10
7451,83
7452,184
7453,297
7454,226
7455,277
7456,298
7457,10
7458,10
7459,298
7460,10
7461,298
7462,184
7463,297
7464,184
7465,297
7466,10
7467,10
7468,10
7469,93
7470,109
7471,10
7472,250
7473,0
7474,70
7475,226
7476,13
7477,165
7478,222
7479,53
7480,231
7481,292
7482,201
7483,115
7484,187
7485,60
7486,298
7487,167
7488,255
7489,255
7490,60
7491,93
7492,184
7493,93
7494,109
7495,0
7496,7
7497,3
7498,13
7499,70
7500,70
7501,13
7502,250
7503,13
7504,267
7505,70
7506,222
7507,7
7508,182
7509,50
7510,50
7511,179
7512,163
7513,115
7514,115
7515,50
7516,277
7517,184
7518,55
7519,55
7520,46
7521,162
7522,162
7523,109
7524,226
7525,85
7526,277
7527,83
7528,184
7529,297
7530,10
7531,10
7532,85
7533,277
7534,160
7535,83
7536,248
7537,46
7538,248
7539,46
7540,208
7541,248
7542,145
7543,71
7544,262
7545,13
